"Breakup2Makeup","Janet Jackson","Feels So Right",0
"Breakup2Makeup","Janet Jackson","Intro",0
"Breakup2Makeup","Janet Jackson","Trust a Try",0
"Breakup2Makeup","Missy Elliott","Step Off",0
"Breakup2Makeup","Toni Braxton","Let It Flow",0
"Breakup2Makeup","Toni Braxton","Talking in His Sleep",0
"Breakup2Makeup","Toni Braxton","Why Should I Care",0
"Breakup2Makeup","Dr. Dre","The Day the Niggaz Took Over",0
"Breakup2Makeup","Fabolous","Young'n",0
"Breakup2Makeup","LL Cool J","Niggy Nuts",0
"Breakup2Makeup","LL Cool J","After School Ft P Diddy",0
"Breakup2Makeup","Black Eyed Peas","Rap Song (feat. Wyclef)",0
"Breakup2Makeup","Anastacia","Don't Stop (Doin' It)",0
"Breakup2Makeup","Anastacia","Why'd You Lie to Me",0
"Breakup2Makeup","Anastacia","Love Is Alive",0
"Breakup2Makeup","Jennifer Lopez","Promise Me You'll Try",0
"Breakup2Makeup","Alicia Keys","Caged Bird",0
"Breakup2Makeup","Maroon 5","Not Coming Home",0
"Breakup2Makeup","Kelis","Mafia",0
"Breakup2Makeup","Alicia Keys","The Life",0
"Breakup2Makeup","Maroon 5","Sunday Morning",0
"Breakup2Makeup","Maroon 5","The Sun",0
"Breakup2Makeup","Fat Joe","Still Real",0
"Breakup2Makeup","Alicia Keys","Never Felt This Way (Interlude)",0
"Breakup2Makeup","Aaliyah","Don't Know What to Tell Ya",0
"Breakup2Makeup","Sean Paul","Uptown Haters Skit",0
"Breakup2Makeup","Christina Aguilera","Keep on Singin' My Song",0
"Breakup2Makeup","LL Cool J","Rock The Bells",0
"Breakup2Makeup","Dr. Dre","Deez Nuuuts",0
"Breakup2Makeup","Black Eyed Peas","Movement",0
"Breakup2Makeup","50 Cent","Da Repercussions",0
"Breakup2Makeup","Monica","The First Night",0
"Breakup2Makeup","Jadakiss","Knock Yourself Out",0
"Breakup2Makeup","Black Eyed Peas","A8",0
"Breakup2Makeup","Snoop Dogg","Doggyland",0
"Breakup2Makeup","Mya","Hurry Up",0
"Breakup2Makeup","Brandy","Truthfully",0
"Breakup2Makeup","Black Eyed Peas","The Apl Song",0
"Breakup2Makeup","Fat Joe","Murder Rap",0
"Breakup2Makeup","Monica","Before You Walk Out Of My Life",0
"Breakup2Makeup","Dr. Dre","Lolo",0
"Breakup2Makeup","Monica","Like This and Like That",0
"Breakup2Makeup","N.O.R.E.","Full Mode",0
"Breakup2Makeup","Missy Elliott","Keep It Movin feat Elephant Ma",0
"Breakup2Makeup","Kelis","Trick Me",0
"Breakup2Makeup","Nelly Furtado","Try",0
"Breakup2Makeup","Nelly Furtado","Fresh Off the Boat",0
"Breakup2Makeup","Nelly Furtado","Build You Up",0
"Breakup2Makeup","Whitney Houston","Fine (Album Version)",0
"Breakup2Makeup","Ludacris","T Baggin' (Skit)",0
"Breakup2Makeup","Christina Aguilera","Dream A Dream",0
"Breakup2Makeup","Aaliyah","Age Aint Nothing but a Number",0
"Breakup2Makeup","Sean Paul","Sound the Alarm",0
"Breakup2Makeup","Mya","Take A Picture",0
"Breakup2Makeup","Avant","Seems To Be",0
"Breakup2Makeup","LeAnn Rimes","You Light Up My Life",0
"Breakup2Makeup","50 Cent","Im a Hustler",0
"Breakup2Makeup","Avant","I Wanna Be",0
"Breakup2Makeup","Snoop Dogg","When I Grow Up",0
"Breakup2Makeup","Snoop Dogg","Getaway",0
"Breakup2Makeup","Kelis","Kamisshake",0
"Breakup2Makeup","Christina Aguilera","Move It",0
"Breakup2Makeup","Whitney Houston","Oh Yes",0
"Breakup2Makeup","Avril Lavigne","Fall to Pieces",0
"Breakup2Makeup","Céline Dion","River Deep, Mountain High",0
"Breakup2Makeup","Usher","Main Mix",0
"Breakup2Makeup","LeAnn Rimes","Can't Fight The Moonlight (Latino Mix)",0
"Breakup2Makeup","Eve","Irresistable Chick",0
"Breakup2Makeup","Nina Sky","Faded Memories",0
"Breakup2Makeup","Nina Sky","Temperature's Rising (Prelude)",0
"Breakup2Makeup","Céline Dion","My Heart Will Go On (Richie Jones mix)",0
"Breakup2Makeup","Kylie Minogue","Come Into My World (Fishcerspooner mix)",0
"Breakup2Makeup","Ja Rule","Things Gon' Change (Featuring Black Child, Young Merc & D.O. Cannons)",0
"Breakup2Makeup","50 Cent","g-unit soldier (ride out)",0
"Breakup2Makeup","Ashanti","Outro (Featuring Chink Santana)",0
"Breakup2Makeup","R. Kelly","You Bring Me Joy",0
"Breakup2Makeup","N.O.R.E.","Oh No",0
"Breakup2Makeup","Usher","Yeah (Naor Daniel Remix)",0
"Breakup2Makeup","Kelly Clarkson","Since U Been Gone",0
"Breakup2Makeup","N.O.R.E.","Super Thug",0
"Breakup2Makeup","Ciara","Next to You",0
"Breakup2Makeup","Lil Jon & The East Side Boyz","Stop Fuckin Wit Me",0
"Breakup2Makeup","Kelly Clarkson","Gone",0
"Breakup2Makeup","Trick Daddy","Down Wit The South (Feat. Ying Yaang Twins & Trina)",0
"Breakup2Makeup","Céline Dion","My Heart Will Go On (Tony Moran Mix)",0
"Breakup2Makeup","Trick Daddy","Fucking Around (Feat. T.I. & Young Jeezy Kase)",0
"Breakup2Makeup","Nina Sky","In A Dream (accapella)",0
"Breakup2Makeup","The Game","No More Fun And Games",0
"Breakup2Makeup","Ja Rule","Livin' It Up / Featuring Case",0
"Breakup2Makeup","The Game","Special [Ft. Nate Dogg]",0
"Breakup2Makeup","Ashlee Simpson","Boyfriend",0
"Breakup2Makeup","Janet Jackson","Feels So Right",0
"Breakup2Makeup","Janet Jackson","Intro",0
"Breakup2Makeup","Janet Jackson","Trust a Try",0
"Breakup2Makeup","Missy Elliott","Step Off",0
"Breakup2Makeup","Toni Braxton","Let It Flow",0
"Breakup2Makeup","Toni Braxton","Talking in His Sleep",0
"Breakup2Makeup","Toni Braxton","Why Should I Care",0
"Breakup2Makeup","Dr. Dre","The Day the Niggaz Took Over",0
"Breakup2Makeup","Fabolous","Young'n",0
"Breakup2Makeup","LL Cool J","Niggy Nuts",0
"Breakup2Makeup","LL Cool J","After School Ft P Diddy",0
"Breakup2Makeup","Black Eyed Peas","Rap Song (feat. Wyclef)",0
"Breakup2Makeup","Anastacia","Don't Stop (Doin' It)",0
"Breakup2Makeup","Anastacia","Why'd You Lie to Me",0
"Breakup2Makeup","Anastacia","Love Is Alive",0
"Breakup2Makeup","Jennifer Lopez","Promise Me You'll Try",0
"Breakup2Makeup","Alicia Keys","Caged Bird",0
"Breakup2Makeup","Maroon 5","Not Coming Home",0
"Breakup2Makeup","Kelis","Mafia",0
"Breakup2Makeup","Alicia Keys","The Life",0
"Breakup2Makeup","Maroon 5","Sunday Morning",0
"Breakup2Makeup","Maroon 5","The Sun",0
"Breakup2Makeup","Fat Joe","Still Real",0
"Breakup2Makeup","Alicia Keys","Never Felt This Way (Interlude)",0
"Breakup2Makeup","Aaliyah","Don't Know What to Tell Ya",0
"Breakup2Makeup","Sean Paul","Uptown Haters Skit",0
"Breakup2Makeup","Christina Aguilera","Keep on Singin' My Song",0
"Breakup2Makeup","LL Cool J","Rock The Bells",0
"Breakup2Makeup","Dr. Dre","Deez Nuuuts",0
"Breakup2Makeup","Black Eyed Peas","Movement",0
"Breakup2Makeup","50 Cent","Da Repercussions",0
"Breakup2Makeup","Monica","The First Night",0
"Breakup2Makeup","Jadakiss","Knock Yourself Out",0
"Breakup2Makeup","Black Eyed Peas","A8",0
"Breakup2Makeup","Snoop Dogg","Doggyland",0
"Breakup2Makeup","Mya","Hurry Up",0
"Breakup2Makeup","Brandy","Truthfully",0
"Breakup2Makeup","Black Eyed Peas","The Apl Song",0
"Breakup2Makeup","Fat Joe","Murder Rap",0
"Breakup2Makeup","Monica","Before You Walk Out Of My Life",0
"Breakup2Makeup","Dr. Dre","Lolo",0
"Breakup2Makeup","Monica","Like This and Like That",0
"Breakup2Makeup","N.O.R.E.","Full Mode",0
"Breakup2Makeup","Missy Elliott","Keep It Movin feat Elephant Ma",0
"Breakup2Makeup","Kelis","Trick Me",0
"Breakup2Makeup","Nelly Furtado","Try",0
"Breakup2Makeup","Nelly Furtado","Fresh Off the Boat",0
"Breakup2Makeup","Nelly Furtado","Build You Up",0
"Breakup2Makeup","Whitney Houston","Fine (Album Version)",0
"Breakup2Makeup","Ludacris","T Baggin' (Skit)",0
"Breakup2Makeup","Christina Aguilera","Dream A Dream",0
"Breakup2Makeup","Aaliyah","Age Aint Nothing but a Number",0
"Breakup2Makeup","Sean Paul","Sound the Alarm",0
"Breakup2Makeup","Mya","Take A Picture",0
"Breakup2Makeup","Avant","Seems To Be",0
"Breakup2Makeup","LeAnn Rimes","You Light Up My Life",0
"Breakup2Makeup","50 Cent","Im a Hustler",0
"Breakup2Makeup","Avant","I Wanna Be",0
"Breakup2Makeup","Snoop Dogg","When I Grow Up",0
"Breakup2Makeup","Snoop Dogg","Getaway",0
"Breakup2Makeup","Kelis","Kamisshake",0
"Breakup2Makeup","Christina Aguilera","Move It",0
"Breakup2Makeup","Whitney Houston","Oh Yes",0
"Breakup2Makeup","Avril Lavigne","Fall to Pieces",0
"Breakup2Makeup","Céline Dion","River Deep, Mountain High",0
"Breakup2Makeup","Usher","Main Mix",0
"Breakup2Makeup","LeAnn Rimes","Can't Fight The Moonlight (Latino Mix)",0
"Breakup2Makeup","Eve","Irresistable Chick",0
"Breakup2Makeup","Nina Sky","Faded Memories",0
"Breakup2Makeup","Nina Sky","Temperature's Rising (Prelude)",0
"Breakup2Makeup","Céline Dion","My Heart Will Go On (Richie Jones mix)",0
"Breakup2Makeup","Kylie Minogue","Come Into My World (Fishcerspooner mix)",0
"Breakup2Makeup","Ja Rule","Things Gon' Change (Featuring Black Child, Young Merc & D.O. Cannons)",0
"Breakup2Makeup","50 Cent","g-unit soldier (ride out)",0
"Breakup2Makeup","Ashanti","Outro (Featuring Chink Santana)",0
"Breakup2Makeup","R. Kelly","You Bring Me Joy",0
"Breakup2Makeup","N.O.R.E.","Oh No",0
"Breakup2Makeup","Usher","Yeah (Naor Daniel Remix)",0
"Breakup2Makeup","Kelly Clarkson","Since U Been Gone",0
"Breakup2Makeup","N.O.R.E.","Super Thug",0
"Breakup2Makeup","Ciara","Next to You",0
"Breakup2Makeup","Lil Jon & The East Side Boyz","Stop Fuckin Wit Me",0
"Breakup2Makeup","Kelly Clarkson","Gone",0
"Breakup2Makeup","Trick Daddy","Down Wit The South (Feat. Ying Yaang Twins & Trina)",0
"Breakup2Makeup","Céline Dion","My Heart Will Go On (Tony Moran Mix)",0
"Breakup2Makeup","Trick Daddy","Fucking Around (Feat. T.I. & Young Jeezy Kase)",0
"Breakup2Makeup","Nina Sky","In A Dream (accapella)",0
"Breakup2Makeup","The Game","No More Fun And Games",0
"Breakup2Makeup","Ja Rule","Livin' It Up / Featuring Case",0
"Breakup2Makeup","The Game","Special [Ft. Nate Dogg]",0
"Breakup2Makeup","Ashlee Simpson","Boyfriend",0
